model,metric,fine,mid,coarse,p_order,f_extrap,GCI_fine_pct,C1_pass,in_range,gci_ok,h1_pass
g2-6s2p-rd,Bg1,0.948,0.9467,0.9461,1.115,0.9491142857142855,0.171,,True,True,True
g2-6s2p-rd,THD_pct,30.25,30.3,30.77,3.233,30.24404761904762,0.207,,False,True,False
g2-6s2p-rd,T_avg_slope_Nm,1.483,1.4815,1.4777,1.341,1.4839782608695653,0.126,,True,True,True
g2-6s2p-rd,T_avg_amp_Nm,1.5,1.4986,1.4947,1.478,1.5007840000000001,0.117,,True,True,True
g2-6s2p-rd,lambda_m_Wb,1.5458,1.5443,1.5402,1.451,1.5466653846153848,0.121,,True,True,True
g2-6s2p-rd,lambda1_energy_Wb,1.1053,1.1042,1.1014,1.348,1.106011764705882,0.124,,True,True,True
g2-hb-ecc05,Bg1,0.9624,0.962,0.9622,1.0,0.9628000000000003,0.052,,True,True,True
g2-hb-ecc05,THD_pct,12.81,12.8,12.64,4.0,12.810666666666668,0.098,,False,True,False
g2-hb-ecc05,T_avg_amp_Nm,12.0368,12.0324,12.0129,2.148,12.038082119205297,0.046,,True,True,True
g2-hb-ecc05,lambda_m_Wb,1.0718,1.0712,1.0699,1.115,1.0723142857142862,0.07,,True,True,True
g2-hb-ecc05,lambda1_energy_Wb,13.3036,13.2987,13.2771,2.14,13.305037724550898,0.046,,True,True,True
g2-rd-mt3-sd14-ea90,Bg1,0.997,0.9943,0.9958,0.848,1.0003750000000002,0.339,,True,True,True
g2-rd-mt3-sd14-ea90,THD_pct,27.82,27.9,28.3,2.322,27.8,0.359,,True,True,True
g2-rd-mt3-sd14-ea90,T_avg_slope_Nm,1.229,1.2279,1.2249,1.447,1.2296368421052635,0.112,,True,True,True
g2-rd-mt3-sd14-ea90,T_avg_amp_Nm,1.2431,1.242,1.239,1.447,1.2437368421052635,0.111,,True,True,True
g2-rd-mt3-sd14-ea90,lambda_m_Wb,0.9924,0.9915,0.9894,1.222,0.9930749999999997,0.113,,True,True,True
g2-rd-mt3-sd14-ea90,lambda1_energy_Wb,1.1458,1.1448,1.142,1.485,1.1463555555555554,0.109,,True,True,True
gen3-12s4p-hb3-sh25-nc60-ls12-ma3200,Bg1,0.8811,0.8815,0.8817,1.0,0.8806999999999996,0.057,,True,True,True
gen3-12s4p-hb3-sh25-nc60-ls12-ma3200,THD_pct,23.82,23.84,23.9,1.585,23.810000000000002,0.105,,True,True,True
gen3-12s4p-hb3-sh25-nc60-ls12-ma3200,T_avg_slope_Nm,1.4815,1.4808,1.4775,2.237,1.4816884615384618,0.059,,True,True,True
gen3-12s4p-hb3-sh25-nc60-ls12-ma3200,T_avg_amp_Nm,1.4985,1.4979,1.4945,2.503,1.4986285714285714,0.05,,False,True,False
gen3-12s4p-hb3-sh25-nc60-ls12-ma3200,lambda_m_Wb,0.6886,0.6883,0.687,2.115,0.68869,0.054,,True,True,True
gen3-12s4p-hb3-sh25-nc60-ls12-ma3200,lambda1_energy_Wb,0.795,0.7946,0.7929,2.087,0.795123076923077,0.063,,True,True,True
gen3-12s8p-hb1-sh15-nc60-ls8-ma3825,Bg1,0.8162,0.8157,0.8185,2.485,0.816308695652174,0.077,,True,True,True
gen3-12s8p-hb1-sh15-nc60-ls8-ma3825,THD_pct,79.31,79.39,79.6,1.392,79.26076923076923,0.126,,True,True,True
gen3-12s8p-hb1-sh15-nc60-ls8-ma3825,T_avg_slope_Nm,0.24,0.2398,0.2396,0.0,0.24,0.104,,False,True,False
gen3-12s8p-hb1-sh15-nc60-ls8-ma3825,T_avg_amp_Nm,0.2427,0.2425,0.2423,0.0,0.2427,0.103,,False,True,False
gen3-12s8p-hb1-sh15-nc60-ls8-ma3825,lambda_m_Wb,0.3767,0.3764,0.3759,0.737,0.3771499999999998,0.1,,True,True,True
gen3-12s8p-hb1-sh15-nc60-ls8-ma3825,lambda1_energy_Wb,0.1073,0.1072,0.1071,0.0,0.1073,0.116,,False,True,False
gen64-a405-hb3,Bg1,0.9972,0.9945,0.9962,0.667,1.0017899999999997,0.338,,True,True,True
gen64-a405-hb3,THD_pct,27.81,27.88,28.29,2.55,27.795588235294115,0.315,,False,True,False
gen64-a405-hb3,T_avg_slope_Nm,1.0256,1.0247,1.0223,1.415,1.0261400000000003,0.11,,True,True,True
gen64-a405-hb3,T_avg_amp_Nm,1.0374,1.0365,1.034,1.474,1.0379062500000003,0.108,,True,True,True
gen64-a405-hb3,lambda_m_Wb,1.4896,1.4883,1.4853,1.206,1.4905941176470592,0.109,,True,True,True
gen64-a405-hb3,lambda1_energy_Wb,1.7199,1.7183,1.7143,1.322,1.7209666666666668,0.116,,True,True,True
gen7-12s4p-hb1-ma3400,Bg1,0.9211,0.9193,0.9212,0.078,0.9535000000000045,0.244,,False,True,False
gen7-12s4p-hb1-ma3400,THD_pct,21.5,21.47,21.51,0.415,21.589999999999993,0.174,,False,True,False
gen7-12s4p-hb1-ma3400,T_avg_slope_Nm,1.0138,1.0131,1.0108,1.716,1.0141062500000002,0.086,,True,True,True
gen7-12s4p-hb1-ma3400,T_avg_amp_Nm,1.0255,1.0248,1.0224,1.778,1.025788235294118,0.085,,True,True,True
gen7-12s4p-hb1-ma3400,lambda_m_Wb,0.9816,0.9811,0.9791,2.0,0.9817666666666668,0.064,,True,True,True
gen7-12s4p-hb1-ma3400,lambda1_energy_Wb,1.1334,1.1327,1.1301,1.893,1.133657894736842,0.077,,True,True,True
gen7-24s4p-hb1-ma3000,Bg1,0.8419,0.8396,0.8396,0.0,0.8419,0.341,,False,True,False
gen7-24s4p-hb1-ma3000,THD_pct,25.78,25.73,25.81,0.678,25.863333333333344,0.242,,True,True,True
gen7-24s4p-hb1-ma3000,lambda_m_Wb,0.9238,0.9243,0.9231,1.263,0.923442857142857,0.068,,True,True,True
gen8-12s4p-nc140-ls8-sd14,Bg1,0.9498,0.9482,0.9496,0.193,0.9610000000000004,0.211,,False,True,False
gen8-12s4p-nc140-ls8-sd14,THD_pct,21.13,21.02,21.01,3.459,21.141,0.651,,False,True,False
gen8-12s4p-nc140-ls8-sd14,T_avg_slope_Nm,0.9788,0.978,0.9757,1.524,0.9792266666666667,0.102,,True,True,True
gen8-12s4p-nc140-ls8-sd14,T_avg_amp_Nm,0.99,0.9893,0.9869,1.778,0.9902882352941177,0.088,,True,True,True
gen8-12s4p-nc140-ls8-sd14,lambda_m_Wb,1.1065,1.1058,1.1033,1.837,1.1067722222222225,0.079,,True,True,True
gen8-12s4p-nc140-ls8-sd14,lambda1_energy_Wb,1.2776,1.2766,1.2736,1.585,1.2781000000000002,0.098,,True,True,True
gen8-12s8p-nc100-ls8-sd10,Bg1,0.8503,0.8491,0.8501,0.263,0.8563000000000005,0.176,,False,True,False
gen8-12s8p-nc100-ls8-sd10,THD_pct,70.47,70.48,70.71,4.524,70.46954545454545,0.018,,False,True,False
gen8-12s8p-nc100-ls8-sd10,T_avg_slope_Nm,0.2328,0.2327,0.2323,2.0,0.23283333333333336,0.054,,True,True,True
gen8-12s8p-nc100-ls8-sd10,T_avg_amp_Nm,0.2355,0.2354,0.2349,2.322,0.23552499999999998,0.053,,True,True,True
gen8-12s8p-nc100-ls8-sd10,lambda_m_Wb,0.5354,0.5349,0.5337,1.263,0.5357571428571427,0.117,,True,True,True
gen8-12s8p-nc100-ls8-sd10,lambda1_energy_Wb,0.1606,0.1605,0.1603,1.0,0.16069999999999995,0.078,,True,True,True
